timestamp,hashrate
2009-01-03 00:00:00+00:00,4.97102696296296e-14
2009-01-07 00:00:00+00:00,0.0
2009-01-11 00:00:00+00:00,5.26928858074074e-12
2009-01-15 00:00:00+00:00,6.313204242962961e-12
2009-01-19 00:00:00+00:00,5.91552208592593e-12
2009-01-23 00:00:00+00:00,3.33058806518518e-12
2009-01-27 00:00:00+00:00,5.12015777185185e-12
2009-01-31 00:00:00+00:00,6.41262478222222e-12
2009-02-04 00:00:00+00:00,6.11436316444444e-12
2009-02-08 00:00:00+00:00,6.66117613037037e-12
2009-02-12 00:00:00+00:00,5.8658118162963004e-12
2009-02-16 00:00:00+00:00,6.11436316444444e-12
2009-02-20 00:00:00+00:00,6.36291451259259e-12
2009-02-24 00:00:00+00:00,5.51783992888889e-12
2009-02-28 00:00:00+00:00,5.0704475022222206e-12
2009-03-04 00:00:00+00:00,5.26928858074074e-12
2009-03-08 00:00:00+00:00,5.5675501985185205e-12
2009-03-12 00:00:00+00:00,5.8658118162963004e-12
2009-03-16 00:00:00+00:00,6.46233505185185e-12
2009-03-20 00:00:00+00:00,5.8658118162963004e-12
2009-03-24 00:00:00+00:00,5.2195783111111105e-12
2009-03-28 00:00:00+00:00,5.91552208592593e-12
2009-04-01 00:00:00+00:00,5.3189988503703705e-12
2009-04-05 00:00:00+00:00,6.41262478222222e-12
2009-04-09 00:00:00+00:00,4.92131669333333e-12
2009-04-13 00:00:00+00:00,5.7166810074074105e-12
2009-04-17 00:00:00+00:00,5.7166810074074105e-12
2009-04-21 00:00:00+00:00,6.11436316444444e-12
2009-04-25 00:00:00+00:00,6.06465289481481e-12
2009-04-29 00:00:00+00:00,6.11436316444444e-12
2009-05-03 00:00:00+00:00,5.66697073777778e-12
2009-05-07 00:00:00+00:00,6.01494262518519e-12
2009-05-11 00:00:00+00:00,5.91552208592593e-12
2009-05-15 00:00:00+00:00,7.10856855703704e-12
2009-05-19 00:00:00+00:00,4.97102696296296e-12
2009-05-23 00:00:00+00:00,3.47971887407407e-13
2009-05-27 00:00:00+00:00,6.2137837037037e-12
2009-05-31 00:00:00+00:00,5.8658118162963004e-12
2009-06-04 00:00:00+00:00,1.93870051555556e-12
2009-06-08 00:00:00+00:00,3.5791394133333296e-12
2009-06-12 00:00:00+00:00,4.5236345362962995e-12
2009-06-16 00:00:00+00:00,3.62884968296296e-12
2009-06-20 00:00:00+00:00,4.1756626488888896e-12
2009-06-24 00:00:00+00:00,4.22537291851852e-12
2009-06-28 00:00:00+00:00,2.5352237511111103e-12
2009-07-02 00:00:00+00:00,3.5791394133333296e-12
2009-07-06 00:00:00+00:00,4.5236345362962995e-12
2009-07-10 00:00:00+00:00,4.07624210962963e-12
2009-07-14 00:00:00+00:00,3.5791394133333296e-12
2009-07-18 00:00:00+00:00,1.49130808888889e-13
2009-07-22 00:00:00+00:00,3.43000860444444e-12
2009-07-26 00:00:00+00:00,6.46233505185185e-13
2009-07-30 00:00:00+00:00,6.959437748148151e-13
2009-08-03 00:00:00+00:00,7.456540444444451e-13
2009-08-07 00:00:00+00:00,3.67855995259259e-12
2009-08-11 00:00:00+00:00,3.33058806518518e-12
2009-08-15 00:00:00+00:00,1.69014916740741e-12
2009-08-19 00:00:00+00:00,7.456540444444451e-13
2009-08-23 00:00:00+00:00,5.96523235555555e-13
2009-08-27 00:00:00+00:00,1.4913080888888901e-12
2009-08-31 00:00:00+00:00,4.672765345185181e-12
2009-09-04 00:00:00+00:00,3.1317469866666698e-12
2009-09-08 00:00:00+00:00,3.2808777955555598e-12
2009-09-12 00:00:00+00:00,3.5294291437037e-12
2009-09-16 00:00:00+00:00,2.88319563851852e-12
2009-09-20 00:00:00+00:00,3.9271113007407396e-12
2009-09-24 00:00:00+00:00,4.07624210962963e-12
2009-09-28 00:00:00+00:00,4.37450372740741e-12
2009-10-02 00:00:00+00:00,3.7282702222222204e-12
2009-10-06 00:00:00+00:00,2.0381210548148196e-12
2009-10-10 00:00:00+00:00,3.8276907614814804e-12
2009-10-14 00:00:00+00:00,2.7837750992592602e-12
2009-10-18 00:00:00+00:00,3.1814572562963e-12
2009-10-22 00:00:00+00:00,4.2750831881481495e-12
2009-10-26 00:00:00+00:00,3.23116752592593e-12
2009-10-30 00:00:00+00:00,3.03232644740741e-12
2009-11-03 00:00:00+00:00,2.83348536888889e-12
2009-11-07 00:00:00+00:00,3.7779804918518504e-12
2009-11-11 00:00:00+00:00,3.43000860444444e-12
2009-11-15 00:00:00+00:00,4.77218588444444e-12
2009-11-19 00:00:00+00:00,3.62884968296296e-12
2009-11-23 00:00:00+00:00,4.77218588444444e-12
2009-11-27 00:00:00+00:00,3.7282702222222204e-12
2009-12-01 00:00:00+00:00,3.2808777955555598e-12
2009-12-05 00:00:00+00:00,2.58493402074074e-12
2009-12-09 00:00:00+00:00,4.672765345185181e-12
2009-12-13 00:00:00+00:00,5.16986804148148e-12
2009-12-17 00:00:00+00:00,8.00335341037037e-12
2009-12-21 00:00:00+00:00,9.29582042074074e-12
2009-12-25 00:00:00+00:00,7.80451233185185e-12
2009-12-29 00:00:00+00:00,8.15248421925926e-12
2010-01-02 00:00:00+00:00,7.6442931234091e-12
2010-01-06 00:00:00+00:00,9.290756257681829e-12
2010-01-10 00:00:00+00:00,1.12312306659318e-11
2010-01-14 00:00:00+00:00,1.02502484902837e-11
2010-01-18 00:00:00+00:00,8.433748757828401e-12
2010-01-22 00:00:00+00:00,9.73124856672508e-12
2010-01-26 00:00:00+00:00,1.34980007194616e-11
2010-01-30 00:00:00+00:00,1.2027921433183599e-11
2010-02-03 00:00:00+00:00,1.62376939347979e-11
2010-02-07 00:00:00+00:00,1.87139403823172e-11
2010-02-11 00:00:00+00:00,1.60921806186109e-11
2010-02-15 00:00:00+00:00,2.32460914215077e-11
2010-02-19 00:00:00+00:00,2.24921641321615e-11
2010-02-23 00:00:00+00:00,3.15392916043158e-11
2010-02-27 00:00:00+00:00,3.2517675143624795e-11
2010-03-03 00:00:00+00:00,2.78185891402109e-11
2010-03-07 00:00:00+00:00,3.2517675143624795e-11
2010-03-11 00:00:00+00:00,3.28852291444466e-11
2010-03-15 00:00:00+00:00,2.79299206432286e-11
2010-03-19 00:00:00+00:00,2.99570923028178e-11
2010-03-23 00:00:00+00:00,4.65217732310883e-11
2010-03-27 00:00:00+00:00,3.9486773376631e-11
2010-03-31 00:00:00+00:00,4.69756441894404e-11
2010-04-04 00:00:00+00:00,5.02167758384825e-11
2010-04-08 00:00:00+00:00,5.898958607532581e-11
2010-04-12 00:00:00+00:00,8.43531550865232e-11
2010-04-16 00:00:00+00:00,7.85222918316944e-11
2010-04-20 00:00:00+00:00,7.96884644826601e-11
2010-04-24 00:00:00+00:00,8.37744517822657e-11
2010-04-28 00:00:00+00:00,9.9731490216983e-11
2010-05-02 00:00:00+00:00,9.68820190679263e-11
2010-05-06 00:00:00+00:00,9.64491901786208e-11
2010-05-10 00:00:00+00:00,8.75068811554374e-11
2010-05-14 00:00:00+00:00,7.66483630558576e-11
2010-05-18 00:00:00+00:00,1.07307708278201e-10
2010-05-22 00:00:00+00:00,1.13064805519858e-10
2010-05-26 00:00:00+00:00,1.24842389428177e-10
2010-05-30 00:00:00+00:00,1.24746971748383e-10
2010-06-03 00:00:00+00:00,1.29703805062888e-10
2010-06-07 00:00:00+00:00,1.2887766617713701e-10
2010-06-11 00:00:00+00:00,1.3879133280614798e-10
2010-06-15 00:00:00+00:00,1.6935153872945e-10
2010-06-19 00:00:00+00:00,1.36518077139047e-10
2010-06-23 00:00:00+00:00,1.47750577156816e-10
2010-06-27 00:00:00+00:00,1.53374207557116e-10
2010-07-01 00:00:00+00:00,2.0064047277912e-10
2010-07-05 00:00:00+00:00,1.69772707736179e-10
2010-07-09 00:00:00+00:00,2.20799974472116e-10
2010-07-13 00:00:00+00:00,1.67856925065505e-09
2010-07-17 00:00:00+00:00,1.65149555306384e-09
2010-07-21 00:00:00+00:00,1.8229623044748399e-09
2010-07-25 00:00:00+00:00,1.9312570948396798e-09
2010-07-29 00:00:00+00:00,2.1244834042325e-09
2010-08-02 00:00:00+00:00,3.0835359124288898e-09
2010-08-06 00:00:00+00:00,2.81847061359461e-09
2010-08-10 00:00:00+00:00,3.6237479317645e-09
2010-08-14 00:00:00+00:00,4.56907347918133e-09
2010-08-18 00:00:00+00:00,3.38357325016817e-09
2010-08-22 00:00:00+00:00,5.06263967506365e-09
2010-08-26 00:00:00+00:00,5.29160327845849e-09
2010-08-30 00:00:00+00:00,4.6173213449432406e-09
2010-09-03 00:00:00+00:00,4.95819741738872e-09
2010-09-07 00:00:00+00:00,4.6792988126606e-09
2010-09-11 00:00:00+00:00,5.74090721074621e-09
2010-09-15 00:00:00+00:00,6.66228738037215e-09
2010-09-19 00:00:00+00:00,9.58137886113681e-09
2010-09-23 00:00:00+00:00,9.67263008838573e-09
2010-09-27 00:00:00+00:00,1.08588960426217e-08
2010-10-01 00:00:00+00:00,1.02260252243218e-08
2010-10-05 00:00:00+00:00,8.062827580715229e-09
2010-10-09 00:00:00+00:00,1.00293708930848e-08
2010-10-13 00:00:00+00:00,1.1576863627367699e-08
2010-10-17 00:00:00+00:00,1.93176067628266e-08
2010-10-21 00:00:00+00:00,2.48910297496032e-08
2010-10-25 00:00:00+00:00,2.2433975310801097e-08
2010-10-29 00:00:00+00:00,2.51046866573251e-08
2010-11-02 00:00:00+00:00,2.5820100506968798e-08
2010-11-06 00:00:00+00:00,3.10455970381411e-08
2010-11-10 00:00:00+00:00,4.35221497768396e-08
2010-11-14 00:00:00+00:00,5.36698012792116e-08
2010-11-18 00:00:00+00:00,5.9307385447196e-08
2010-11-22 00:00:00+00:00,5.46168613375639e-08
2010-11-26 00:00:00+00:00,6.92951428220342e-08
2010-11-30 00:00:00+00:00,8.432954552237281e-08
2010-12-04 00:00:00+00:00,8.79436689019031e-08
2010-12-08 00:00:00+00:00,9.27625000746101e-08
2010-12-12 00:00:00+00:00,1.05974736816725e-07
2010-12-16 00:00:00+00:00,1.1328333935581e-07
2010-12-20 00:00:00+00:00,9.68389836428695e-08
2010-12-24 00:00:00+00:00,1.08001742450377e-07
2010-12-28 00:00:00+00:00,1.21681963160758e-07
2011-01-01 00:00:00+00:00,1.2816206770778098e-07
2011-01-05 00:00:00+00:00,1.21596943772684e-07
2011-01-09 00:00:00+00:00,1.2321823635632e-07
2011-01-13 00:00:00+00:00,1.4996956398631101e-07
2011-01-17 00:00:00+00:00,1.58561467414078e-07
2011-01-21 00:00:00+00:00,1.63144168784427e-07
2011-01-25 00:00:00+00:00,1.42980282754891e-07
2011-01-29 00:00:00+00:00,1.64136211725285e-07
2011-02-02 00:00:00+00:00,1.77267108663308e-07
2011-02-06 00:00:00+00:00,1.91492247012833e-07
2011-02-10 00:00:00+00:00,2.44256346380359e-07
2011-02-14 00:00:00+00:00,2.40379261517179e-07
2011-02-18 00:00:00+00:00,3.91485054897639e-07
2011-02-22 00:00:00+00:00,3.8423533165879397e-07
2011-02-26 00:00:00+00:00,4.54920133237534e-07
2011-03-02 00:00:00+00:00,4.67009518958862e-07
2011-03-06 00:00:00+00:00,7.46109882360313e-07
2011-03-10 00:00:00+00:00,4.50719122534764e-07
2011-03-14 00:00:00+00:00,4.43144011231659e-07
2011-03-18 00:00:00+00:00,5.22682679914265e-07
2011-03-22 00:00:00+00:00,4.77232012095633e-07
2011-03-26 00:00:00+00:00,4.83475502411536e-07
2011-03-30 00:00:00+00:00,5.3490906649787e-07
2011-04-03 00:00:00+00:00,5.726270134945139e-07
2011-04-07 00:00:00+00:00,6.63134715812337e-07
2011-04-11 00:00:00+00:00,6.30387322438889e-07
2011-04-15 00:00:00+00:00,5.52612263176948e-07
2011-04-19 00:00:00+00:00,6.47277934068425e-07
2011-04-23 00:00:00+00:00,7.8040601979881e-07
2011-04-27 00:00:00+00:00,8.722184927163171e-07
2011-05-01 00:00:00+00:00,1.06853945167215e-06
2011-05-05 00:00:00+00:00,1.24299487235332e-06
2011-05-09 00:00:00+00:00,1.35748124217533e-06
2011-05-13 00:00:00+00:00,1.57286756773456e-06
2011-05-17 00:00:00+00:00,2.0345550627412197e-06
2011-05-21 00:00:00+00:00,2.58473318607827e-06
2011-05-25 00:00:00+00:00,3.5433900954688e-06
2011-05-29 00:00:00+00:00,3.7398889476823102e-06
2011-06-02 00:00:00+00:00,4.10739248589387e-06
2011-06-06 00:00:00+00:00,7.04978032426183e-06
2011-06-10 00:00:00+00:00,6.37300141313269e-06
2011-06-14 00:00:00+00:00,6.34480229183565e-06
2011-06-18 00:00:00+00:00,8.805916153745591e-06
2011-06-22 00:00:00+00:00,1.17702839678778e-05
2011-06-26 00:00:00+00:00,1.06268031804332e-05
2011-06-30 00:00:00+00:00,1.24093637139252e-05
2011-07-04 00:00:00+00:00,1.12438433651035e-05
2011-07-08 00:00:00+00:00,1.14216858394628e-05
2011-07-12 00:00:00+00:00,1.1188590210086e-05
2011-07-16 00:00:00+00:00,1.2354068356969901e-05
2011-07-20 00:00:00+00:00,1.20198487388041e-05
2011-07-24 00:00:00+00:00,1.4793659986220501e-05
2011-07-28 00:00:00+00:00,1.40371660096524e-05
2011-08-01 00:00:00+00:00,1.6431116869293e-05
2011-08-05 00:00:00+00:00,1.29571093026425e-05
2011-08-09 00:00:00+00:00,1.2487648820662701e-05
2011-08-13 00:00:00+00:00,1.20181883386829e-05
2011-08-17 00:00:00+00:00,1.15792819314549e-05
2011-08-21 00:00:00+00:00,1.30154719384571e-05
2011-08-25 00:00:00+00:00,1.14895200560173e-05
2011-08-29 00:00:00+00:00,1.12202344297044e-05
2011-09-02 00:00:00+00:00,1.4316531112236801e-05
2011-09-06 00:00:00+00:00,1.32560473261452e-05
2011-09-10 00:00:00+00:00,1.26374317842584e-05
2011-09-14 00:00:00+00:00,1.32639252302093e-05
2011-09-18 00:00:00+00:00,1.45728652200325e-05
2011-09-22 00:00:00+00:00,1.30893998982328e-05
2011-09-26 00:00:00+00:00,1.1954985240386e-05
2011-09-30 00:00:00+00:00,1.03292040558972e-05
2011-10-04 00:00:00+00:00,1.09170449371271e-05
2011-10-08 00:00:00+00:00,1.083306766838e-05
2011-10-12 00:00:00+00:00,9.99329498090868e-06
2011-10-16 00:00:00+00:00,8.97708003840482e-06
2011-10-20 00:00:00+00:00,7.51739222728209e-06
2011-10-24 00:00:00+00:00,8.97708003840482e-06
2011-10-28 00:00:00+00:00,7.44440783672595e-06
2011-11-01 00:00:00+00:00,8.73436486000387e-06
2011-11-05 00:00:00+00:00,8.973662527401229e-06
2011-11-09 00:00:00+00:00,1.01103264475387e-05
2011-11-13 00:00:00+00:00,8.79418927685321e-06
2011-11-17 00:00:00+00:00,8.595510780002829e-06
2011-11-21 00:00:00+00:00,8.002716933106082e-06
2011-11-25 00:00:00+00:00,7.70632000965771e-06
2011-11-29 00:00:00+00:00,8.23983447186478e-06
2011-12-03 00:00:00+00:00,8.132965581692e-06
2011-12-07 00:00:00+00:00,7.97030627005816e-06
2011-12-11 00:00:00+00:00,7.86186672896894e-06
2011-12-15 00:00:00+00:00,7.06232384270858e-06
2011-12-19 00:00:00+00:00,8.67000731909753e-06
2011-12-23 00:00:00+00:00,8.72742458611142e-06
2011-12-27 00:00:00+00:00,9.168004881283199e-06
2011-12-31 00:00:00+00:00,9.28332569739997e-06
2012-01-04 00:00:00+00:00,8.879702840991269e-06
2012-01-08 00:00:00+00:00,9.28332569739997e-06
2012-01-12 00:00:00+00:00,1.03211337404744e-05
2012-01-16 00:00:00+00:00,9.82372970478891e-06
2012-01-20 00:00:00+00:00,8.58021961557513e-06
2012-01-24 00:00:00+00:00,8.776016470072131e-06
2012-01-28 00:00:00+00:00,1.0076167058231001e-05
2012-02-01 00:00:00+00:00,8.776016470072131e-06
2012-02-05 00:00:00+00:00,9.3272398828152e-06
2012-02-09 00:00:00+00:00,9.87590105239257e-06
2012-02-13 00:00:00+00:00,1.00816489909841e-05
2012-02-17 00:00:00+00:00,9.73873575999822e-06
2012-02-21 00:00:00+00:00,8.757293674048351e-06
2012-02-25 00:00:00+00:00,1.142553159036e-05
2012-02-29 00:00:00+00:00,1.27254423701015e-05
2012-03-04 00:00:00+00:00,9.67397724650567e-06
2012-03-08 00:00:00+00:00,1.16087726958068e-05
2012-03-12 00:00:00+00:00,1.25761704204574e-05
2012-03-16 00:00:00+00:00,1.06507281967033e-05
2012-03-20 00:00:00+00:00,1.10231312805041e-05
2012-03-24 00:00:00+00:00,1.2810666082748e-05
2012-03-28 00:00:00+00:00,1.18424180648659e-05
2012-04-01 00:00:00+00:00,1.2128461818581201e-05
2012-04-05 00:00:00+00:00,9.62191304274106e-06
2012-04-09 00:00:00+00:00,1.2209318230705e-05
2012-04-13 00:00:00+00:00,9.88325160797756e-06
2012-04-17 00:00:00+00:00,1.11382676851811e-05
2012-04-21 00:00:00+00:00,1.1530460209307201e-05
2012-04-25 00:00:00+00:00,1.08245136658802e-05
2012-04-29 00:00:00+00:00,1.2448738293526199e-05
2012-05-03 00:00:00+00:00,1.2448738293526199e-05
2012-05-07 00:00:00+00:00,1.28237002903192e-05
2012-05-11 00:00:00+00:00,1.05974601790129e-05
2012-05-15 00:00:00+00:00,1.12867258817129e-05
2012-05-19 00:00:00+00:00,1.2579099074275501e-05
2012-05-23 00:00:00+00:00,1.04251437533379e-05
2012-05-27 00:00:00+00:00,1.2971213518118701e-05
2012-05-31 00:00:00+00:00,1.15475437417398e-05
2012-06-04 00:00:00+00:00,1.19430075685117e-05
2012-06-08 00:00:00+00:00,1.1705729272448601e-05
2012-06-12 00:00:00+00:00,1.1018027673533799e-05
2012-06-16 00:00:00+00:00,1.25920316268957e-05
2012-06-20 00:00:00+00:00,1.1672620129977301e-05
2012-06-24 00:00:00+00:00,1.20159324867414e-05
2012-06-28 00:00:00+00:00,1.15867920407863e-05
2012-07-02 00:00:00+00:00,1.3818322359752599e-05
2012-07-06 00:00:00+00:00,1.33209874109609e-05
2012-07-10 00:00:00+00:00,1.3146856856569199e-05
2012-07-14 00:00:00+00:00,1.29727263021776e-05
2012-07-18 00:00:00+00:00,1.4009601065922001e-05
2012-07-22 00:00:00+00:00,1.2896255285848699e-05
2012-07-26 00:00:00+00:00,1.6514629071086802e-05
2012-07-30 00:00:00+00:00,1.8730041758675997e-05
2012-08-03 00:00:00+00:00,1.7515120131086198e-05
2012-08-07 00:00:00+00:00,1.50852768759066e-05
2012-08-11 00:00:00+00:00,1.5996468096599e-05
2012-08-15 00:00:00+00:00,1.8623360014449e-05
2012-08-19 00:00:00+00:00,1.7207549019198498e-05
2012-08-23 00:00:00+00:00,1.79699087858719e-05
2012-08-27 00:00:00+00:00,1.8077425306843898e-05
2012-08-31 00:00:00+00:00,1.73494752944877e-05
2012-09-04 00:00:00+00:00,1.55296002635974e-05
2012-09-08 00:00:00+00:00,1.8749059019116403e-05
2012-09-12 00:00:00+00:00,1.8882980869252902e-05
2012-09-16 00:00:00+00:00,2.00882775204818e-05
2012-09-20 00:00:00+00:00,2.09294479443629e-05
2012-09-24 00:00:00+00:00,2.22108427164667e-05
2012-09-28 00:00:00+00:00,2.33498602916702e-05
2012-10-02 00:00:00+00:00,1.9363298778458203e-05
2012-10-06 00:00:00+00:00,2.1562182833544197e-05
2012-10-10 00:00:00+00:00,2.26251073394231e-05
2012-10-14 00:00:00+00:00,2.09547974016134e-05
2012-10-18 00:00:00+00:00,2.3672520961597e-05
2012-10-22 00:00:00+00:00,2.53525063201619e-05
2012-10-26 00:00:00+00:00,2.45888766117233e-05
2012-10-30 00:00:00+00:00,2.44748066399431e-05
2012-11-03 00:00:00+00:00,2.34892439564555e-05
2012-11-07 00:00:00+00:00,2.57888902179266e-05
2012-11-11 00:00:00+00:00,2.16823790367281e-05
2012-11-15 00:00:00+00:00,2.27748759110447e-05
2012-11-19 00:00:00+00:00,2.05978657136654e-05
2012-11-23 00:00:00+00:00,2.4282036816922702e-05
2012-11-27 00:00:00+00:00,2.59842619294715e-05
2012-12-01 00:00:00+00:00,2.7351854662601598e-05
2012-12-05 00:00:00+00:00,2.0513890996951202e-05
2012-12-09 00:00:00+00:00,2.22233819133638e-05
2012-12-13 00:00:00+00:00,2.27844398482441e-05
2012-12-17 00:00:00+00:00,2.11091133888144e-05
2012-12-21 00:00:00+00:00,2.0271450159099602e-05
2012-12-25 00:00:00+00:00,2.0606515450985502e-05
2012-12-29 00:00:00+00:00,1.98478843099254e-05
2013-01-02 00:00:00+00:00,2.31064921817042e-05
2013-01-06 00:00:00+00:00,2.10328326269359e-05
2013-01-10 00:00:00+00:00,2.35842539588777e-05
2013-01-14 00:00:00+00:00,2.48765418470353e-05
2013-01-18 00:00:00+00:00,2.0191998252463703e-05
2013-01-22 00:00:00+00:00,2.0676606210522898e-05
2013-01-26 00:00:00+00:00,2.21367933340868e-05
2013-01-30 00:00:00+00:00,2.13989002229506e-05
2013-02-03 00:00:00+00:00,2.4350472667495498e-05
2013-02-07 00:00:00+00:00,2.40979857085511e-05
2013-02-11 00:00:00+00:00,2.5889052213916302e-05
2013-02-15 00:00:00+00:00,2.86570640858445e-05
2013-02-19 00:00:00+00:00,3.01278002487238e-05
2013-02-23 00:00:00+00:00,2.9401829158393097e-05
2013-02-27 00:00:00+00:00,3.68430328342827e-05
2013-03-03 00:00:00+00:00,3.3003500644019394e-05
2013-03-07 00:00:00+00:00,3.3003500644019394e-05
2013-03-11 00:00:00+00:00,4.03858626301816e-05
2013-03-15 00:00:00+00:00,4.0966233989742906e-05
2013-03-19 00:00:00+00:00,4.7472635858702e-05
2013-03-23 00:00:00+00:00,5.0605347869682395e-05
2013-03-27 00:00:00+00:00,4.1939267567528504e-05
2013-03-31 00:00:00+00:00,5.22576587944602e-05
2013-04-04 00:00:00+00:00,5.32562127841633e-05
2013-04-08 00:00:00+00:00,6.446114523801311e-05
2013-04-12 00:00:00+00:00,6.59868528176111e-05
2013-04-16 00:00:00+00:00,6.98011217666059e-05
2013-04-20 00:00:00+00:00,6.46866278222469e-05
2013-04-24 00:00:00+00:00,7.80700680613325e-05
2013-04-28 00:00:00+00:00,7.4501150664243e-05
2013-05-02 00:00:00+00:00,7.21289139986682e-05
2013-05-06 00:00:00+00:00,8.16459234846036e-05
2013-05-10 00:00:00+00:00,8.3649504429011e-05
2013-05-14 00:00:00+00:00,8.17498729685886e-05
2013-05-18 00:00:00+00:00,8.17498729685886e-05
2013-05-22 00:00:00+00:00,9.23161830801749e-05
2013-05-26 00:00:00+00:00,9.72680490550696e-05
2013-05-30 00:00:00+00:00,0.000102101244039172
2013-06-03 00:00:00+00:00,0.000126267218959687
2013-06-07 00:00:00+00:00,0.00012489739354075698
2013-06-11 00:00:00+00:00,0.000136533796665672
2013-06-15 00:00:00+00:00,0.000136533796665672
2013-06-19 00:00:00+00:00,0.00012016996789467299
2013-06-23 00:00:00+00:00,0.00016919931479569998
2013-06-27 00:00:00+00:00,0.00015958571736412598
2013-07-01 00:00:00+00:00,0.00016226949932262599
2013-07-05 00:00:00+00:00,0.00018772353843205802
2013-07-09 00:00:00+00:00,0.000213177577541489
2013-07-13 00:00:00+00:00,0.000196385104274522
2013-07-17 00:00:00+00:00,0.000219795249154928
2013-07-21 00:00:00+00:00,0.000253609902871071
2013-07-25 00:00:00+00:00,0.000212869496544479
2013-07-29 00:00:00+00:00,0.000257929462966303
2013-08-02 00:00:00+00:00,0.000295220469660226
2013-08-06 00:00:00+00:00,0.00035131404801310703
2013-08-10 00:00:00+00:00,0.000369902092881525
2013-08-14 00:00:00+00:00,0.000388972530725659
2013-08-18 00:00:00+00:00,0.0004975817438503561
2013-08-22 00:00:00+00:00,0.000525365496045046
2013-08-26 00:00:00+00:00,0.000532757874562586
2013-08-30 00:00:00+00:00,0.000634079924326022
2013-09-03 00:00:00+00:00,0.0006046638453624441
2013-09-07 00:00:00+00:00,0.000704398591759124
2013-09-11 00:00:00+00:00,0.000868614214377815
2013-09-15 00:00:00+00:00,0.0010245795805622299
2013-09-19 00:00:00+00:00,0.0010917651268286099
2013-09-23 00:00:00+00:00,0.00123733381040575
2013-09-27 00:00:00+00:00,0.0013020202885143301
2013-10-01 00:00:00+00:00,0.00144997713948187
2013-10-05 00:00:00+00:00,0.00156094477770752
2013-10-09 00:00:00+00:00,0.00172188761457957
2013-10-13 00:00:00+00:00,0.00215471182370886
2013-10-17 00:00:00+00:00,0.0023823096754087302
2013-10-21 00:00:00+00:00,0.00267510751260981
2013-10-25 00:00:00+00:00,0.00319415822401171
2013-10-29 00:00:00+00:00,0.00305100854399733
2013-11-02 00:00:00+00:00,0.00421699907036574
2013-11-06 00:00:00+00:00,0.004114549716249791
2013-11-10 00:00:00+00:00,0.004266940446481259
2013-11-14 00:00:00+00:00,0.00429233890151984
2013-11-18 00:00:00+00:00,0.00496879792970165
2013-11-22 00:00:00+00:00,0.005029393026405329
2013-11-26 00:00:00+00:00,0.00496879792970165
2013-11-30 00:00:00+00:00,0.00562647303819572
2013-12-04 00:00:00+00:00,0.00622428579850402
2013-12-08 00:00:00+00:00,0.00629461671148146
2013-12-12 00:00:00+00:00,0.00749562480414846
2013-12-16 00:00:00+00:00,0.00871479269397984
2013-12-20 00:00:00+00:00,0.0091211819905903
2013-12-24 00:00:00+00:00,0.009744865734394599
2013-12-28 00:00:00+00:00,0.009627457713498279
2014-01-01 00:00:00+00:00,0.011740802089632
2014-01-05 00:00:00+00:00,0.012692356672161401
2014-01-09 00:00:00+00:00,0.012762869764784501
2014-01-13 00:00:00+00:00,0.0180586488747028
2014-01-17 00:00:00+00:00,0.013610705802115899
2014-01-21 00:00:00+00:00,0.015300924169699
2014-01-25 00:00:00+00:00,0.016903799218676598
2014-01-29 00:00:00+00:00,0.017230969526134798
2014-02-02 00:00:00+00:00,0.0194121049091899
2014-02-06 00:00:00+00:00,0.0217618906024157
2014-02-10 00:00:00+00:00,0.019937540492033497
2014-02-14 00:00:00+00:00,0.0248893479344994
2014-02-18 00:00:00+00:00,0.0259805116973035
2014-02-22 00:00:00+00:00,0.02551379591831
2014-02-26 00:00:00+00:00,0.0281585186659398
2014-03-02 00:00:00+00:00,0.028262418171819202
2014-03-06 00:00:00+00:00,0.0307282667371457
2014-03-10 00:00:00+00:00,0.0312973087137595
2014-03-14 00:00:00+00:00,0.0293678475506144
2014-03-18 00:00:00+00:00,0.0306355244233027
2014-03-22 00:00:00+00:00,0.0371851882655261
2014-03-26 00:00:00+00:00,0.0393249976022039
2014-03-30 00:00:00+00:00,0.0370849660932176
2014-04-03 00:00:00+00:00,0.0517696170965723
2014-04-07 00:00:00+00:00,0.0444151321567057
2014-04-11 00:00:00+00:00,0.045327771858555806
2014-04-15 00:00:00+00:00,0.0593215806202576
2014-04-19 00:00:00+00:00,0.0565479844196814
2014-04-23 00:00:00+00:00,0.0607110262174494
2014-04-27 00:00:00+00:00,0.0579356650189374
2014-05-01 00:00:00+00:00,0.0668178858733963
2014-05-05 00:00:00+00:00,0.049715688893896
2014-05-09 00:00:00+00:00,0.06602243485109391
2014-05-13 00:00:00+00:00,0.0748179710179175
2014-05-17 00:00:00+00:00,0.08053934527222889
2014-05-21 00:00:00+00:00,0.0783388167128784
2014-05-25 00:00:00+00:00,0.07848325675566051
2014-05-29 00:00:00+00:00,0.06808812341053991
2014-06-02 00:00:00+00:00,0.0930364434388293
2014-06-06 00:00:00+00:00,0.0864943621241971
2014-06-10 00:00:00+00:00,0.103442581729614
2014-06-14 00:00:00+00:00,0.10285816036391
2014-06-18 00:00:00+00:00,0.113768842858603
2014-06-22 00:00:00+00:00,0.129161098068884
2014-06-26 00:00:00+00:00,0.114438071346006
2014-06-30 00:00:00+00:00,0.104506281189491
2014-07-04 00:00:00+00:00,0.13376803992254901
2014-07-08 00:00:00+00:00,0.13544014042158098
2014-07-12 00:00:00+00:00,0.13794829117012802
2014-07-16 00:00:00+00:00,0.142195843578748
2014-07-20 00:00:00+00:00,0.14650480853568
2014-07-24 00:00:00+00:00,0.128407155716566
2014-07-28 00:00:00+00:00,0.126669524399822
2014-08-01 00:00:00+00:00,0.1425032149498
2014-08-05 00:00:00+00:00,0.122943950152769
2014-08-09 00:00:00+00:00,0.169672521356757
2014-08-13 00:00:00+00:00,0.153980265046305
2014-08-17 00:00:00+00:00,0.161826393201531
2014-08-21 00:00:00+00:00,0.199134596112222
2014-08-25 00:00:00+00:00,0.158833546899034
2014-08-29 00:00:00+00:00,0.19676394615850498
2014-09-02 00:00:00+00:00,0.194978303194365
2014-09-06 00:00:00+00:00,0.229065419137436
2014-09-10 00:00:00+00:00,0.212703603484762
2014-09-14 00:00:00+00:00,0.25208349301791
2014-09-18 00:00:00+00:00,0.27432615416655004
2014-09-22 00:00:00+00:00,0.232806520022423
2014-09-26 00:00:00+00:00,0.26017735309267803
2014-09-30 00:00:00+00:00,0.261900381921106
2014-10-04 00:00:00+00:00,0.24639312246525102
2014-10-08 00:00:00+00:00,0.22571677652411098
2014-10-12 00:00:00+00:00,0.25751745724535097
2014-10-16 00:00:00+00:00,0.260997422883802
2014-10-20 00:00:00+00:00,0.240117629053098
2014-10-24 00:00:00+00:00,0.29158350850060305
2014-10-28 00:00:00+00:00,0.268328382055769
2014-11-01 00:00:00+00:00,0.286216940859487
2014-11-05 00:00:00+00:00,0.314993428436733
2014-11-09 00:00:00+00:00,0.27365054095441205
2014-11-13 00:00:00+00:00,0.287431503448519
2014-11-17 00:00:00+00:00,0.299243757014897
2014-11-21 00:00:00+00:00,0.248412346336535
2014-11-25 00:00:00+00:00,0.256425647831262
2014-11-29 00:00:00+00:00,0.302502131425942
2014-12-03 00:00:00+00:00,0.24240237021549
2014-12-07 00:00:00+00:00,0.242631420394883
2014-12-11 00:00:00+00:00,0.288373409485721
2014-12-15 00:00:00+00:00,0.304283666560796
2014-12-19 00:00:00+00:00,0.24321998347476098
2014-12-23 00:00:00+00:00,0.31775513970089697
2014-12-27 00:00:00+00:00,0.31383223674162697
2014-12-31 00:00:00+00:00,0.313142288941348
2015-01-04 00:00:00+00:00,0.33536529009202504
2015-01-08 00:00:00+00:00,0.272736832303755
2015-01-12 00:00:00+00:00,0.358478281006871
2015-01-16 00:00:00+00:00,0.325690633353804
2015-01-20 00:00:00+00:00,0.26230118122454
2015-01-24 00:00:00+00:00,0.26448702440141103
2015-01-28 00:00:00+00:00,0.32416633897182395
2015-02-01 00:00:00+00:00,0.34878656724816504
2015-02-05 00:00:00+00:00,0.301597796385178
2015-02-09 00:00:00+00:00,0.342533060667745
2015-02-13 00:00:00+00:00,0.309384699957963
2015-02-17 00:00:00+00:00,0.342533060667745
2015-02-21 00:00:00+00:00,0.30496491852999197
2015-02-25 00:00:00+00:00,0.362028097735547
2015-03-01 00:00:00+00:00,0.348103940130333
2015-03-05 00:00:00+00:00,0.264558994499053
2015-03-09 00:00:00+00:00,0.311208023870146
2015-03-13 00:00:00+00:00,0.32771147968144204
2015-03-17 00:00:00+00:00,0.337142025859325
2015-03-21 00:00:00+00:00,0.337142025859325
2015-03-25 00:00:00+00:00,0.385508770219478
2015-03-29 00:00:00+00:00,0.35067364038036897
2015-04-02 00:00:00+00:00,0.341384272423273
2015-04-06 00:00:00+00:00,0.31708115031885903
2015-04-10 00:00:00+00:00,0.34903506469207796
2015-04-14 00:00:00+00:00,0.388362959305269
2015-04-18 00:00:00+00:00,0.326913123972157
2015-04-22 00:00:00+00:00,0.33844296188324496
2015-04-26 00:00:00+00:00,0.35264336587834605
2015-04-30 00:00:00+00:00,0.31477562189140995
2015-05-04 00:00:00+00:00,0.312624333322854
2015-05-08 00:00:00+00:00,0.350518191907442
2015-05-12 00:00:00+00:00,0.37420185352281
2015-05-16 00:00:00+00:00,0.303150868676707
2015-05-20 00:00:00+00:00,0.34452513582465
2015-05-24 00:00:00+00:00,0.342098902473773
2015-05-28 00:00:00+00:00,0.320262802315872
2015-06-01 00:00:00+00:00,0.332393969070261
2015-06-05 00:00:00+00:00,0.33592817990909596
2015-06-09 00:00:00+00:00,0.383242008065307
2015-06-13 00:00:00+00:00,0.37377924243406496
2015-06-17 00:00:00+00:00,0.350771513242293
2015-06-21 00:00:00+00:00,0.301367074757463
2015-06-25 00:00:00+00:00,0.39523550787864004
2015-06-29 00:00:00+00:00,0.336442885099528
2015-07-03 00:00:00+00:00,0.397837572161486
2015-07-07 00:00:00+00:00,0.36345654740678895
2015-07-11 00:00:00+00:00,0.356089184959354
2015-07-15 00:00:00+00:00,0.391009070859764
2015-07-19 00:00:00+00:00,0.363079851512638
2015-07-23 00:00:00+00:00,0.37831397115652504
2015-07-27 00:00:00+00:00,0.402809137596422
2015-07-31 00:00:00+00:00,0.361228839521953
2015-08-04 00:00:00+00:00,0.374222682670224
2015-08-08 00:00:00+00:00,0.411296569970398
2015-08-12 00:00:00+00:00,0.322225975199739
2015-08-16 00:00:00+00:00,0.385099336214322
2015-08-20 00:00:00+00:00,0.406057123219183
2015-08-24 00:00:00+00:00,0.423446540478744
2015-08-28 00:00:00+00:00,0.401869646696388
2015-09-01 00:00:00+00:00,0.409960981864772
2015-09-05 00:00:00+00:00,0.427538389387399
2015-09-09 00:00:00+00:00,0.399224588765717
2015-09-13 00:00:00+00:00,0.396393208703549
2015-09-17 00:00:00+00:00,0.399224588765717
2015-09-21 00:00:00+00:00,0.389344072709366
2015-09-25 00:00:00+00:00,0.477831361961494
2015-09-29 00:00:00+00:00,0.510276701353941
2015-10-03 00:00:00+00:00,0.459502348135243
2015-10-07 00:00:00+00:00,0.408110638146433
2015-10-11 00:00:00+00:00,0.453456264607148
2015-10-15 00:00:00+00:00,0.49332787505393705
2015-10-19 00:00:00+00:00,0.502407529196034
2015-10-23 00:00:00+00:00,0.466088912627646
2015-10-27 00:00:00+00:00,0.478195118150442
2015-10-31 00:00:00+00:00,0.470388662470568
2015-11-04 00:00:00+00:00,0.479672649229855
2015-11-08 00:00:00+00:00,0.433252715433418
2015-11-12 00:00:00+00:00,0.477906839865056
2015-11-16 00:00:00+00:00,0.5761068754537659
2015-11-20 00:00:00+00:00,0.520460188620164
2015-11-24 00:00:00+00:00,0.549490493161529
2015-11-28 00:00:00+00:00,0.527800078957785
2015-12-02 00:00:00+00:00,0.531415147991742
2015-12-06 00:00:00+00:00,0.621791873840678
2015-12-10 00:00:00+00:00,0.7707113338475959
2015-12-14 00:00:00+00:00,0.692067320189678
2015-12-18 00:00:00+00:00,0.629152109263344
2015-12-22 00:00:00+00:00,0.654995565676021
2015-12-26 00:00:00+00:00,0.86403670365773
2015-12-30 00:00:00+00:00,0.8036470415741249
2016-01-03 00:00:00+00:00,0.7694240429219661
2016-01-07 00:00:00+00:00,0.743604444166195
2016-01-11 00:00:00+00:00,0.877866357696202
2016-01-15 00:00:00+00:00,0.693089355237507
2016-01-19 00:00:00+00:00,0.839596048214541
2016-01-23 00:00:00+00:00,1.00864223241881
2016-01-27 00:00:00+00:00,0.918901018160999
2016-01-31 00:00:00+00:00,1.0680732613689499
2016-02-04 00:00:00+00:00,1.10387459973886
2016-02-08 00:00:00+00:00,1.15341486436954
2016-02-12 00:00:00+00:00,1.13908672940843
2016-02-16 00:00:00+00:00,1.0674460546028701
2016-02-20 00:00:00+00:00,1.28409985113956
2016-02-24 00:00:00+00:00,0.999647352469403
2016-02-28 00:00:00+00:00,1.21095492291009
2016-03-03 00:00:00+00:00,1.08091949494659
2016-03-07 00:00:00+00:00,1.2206961474715199
2016-03-11 00:00:00+00:00,1.2836998195990899
2016-03-15 00:00:00+00:00,1.1970697704236901
2016-03-19 00:00:00+00:00,1.11063046003795
2016-03-23 00:00:00+00:00,1.24226073678319
2016-03-27 00:00:00+00:00,1.25871452137634
2016-03-31 00:00:00+00:00,1.02836153707217
2016-04-04 00:00:00+00:00,1.36025432899737
2016-04-08 00:00:00+00:00,1.1694869535892
2016-04-12 00:00:00+00:00,1.26072352443658
2016-04-16 00:00:00+00:00,1.27014699973955
2016-04-20 00:00:00+00:00,1.4655542304630702
2016-04-24 00:00:00+00:00,1.17244338437046
2016-04-28 00:00:00+00:00,1.20784318309188
2016-05-02 00:00:00+00:00,1.39434838048107
2016-05-06 00:00:00+00:00,1.43875437985945
2016-05-10 00:00:00+00:00,1.4032295803567498
2016-05-14 00:00:00+00:00,1.3905301670097399
2016-05-18 00:00:00+00:00,1.48709476194097
2016-05-22 00:00:00+00:00,1.77678854673466
2016-05-26 00:00:00+00:00,1.35737635658448
2016-05-30 00:00:00+00:00,1.43663920952372
2016-06-03 00:00:00+00:00,1.4069156396715001
2016-06-07 00:00:00+00:00,1.4069156396715001
2016-06-11 00:00:00+00:00,1.52041753468438
2016-06-15 00:00:00+00:00,1.50092500218843
2016-06-19 00:00:00+00:00,1.7250891258918999
2016-06-23 00:00:00+00:00,1.4576762183949
2016-06-27 00:00:00+00:00,1.53056002931465
2016-07-01 00:00:00+00:00,1.6346797592
2016-07-05 00:00:00+00:00,1.5381771269472
2016-07-09 00:00:00+00:00,1.5806095994147
2016-07-13 00:00:00+00:00,1.37905535519404
2016-07-17 00:00:00+00:00,1.5806095994147
2016-07-21 00:00:00+00:00,1.41149838259309
2016-07-25 00:00:00+00:00,1.40088561279915
2016-07-29 00:00:00+00:00,1.56007715970815
2016-08-02 00:00:00+00:00,1.55560572192362
2016-08-06 00:00:00+00:00,1.67603971329835
2016-08-10 00:00:00+00:00,1.52549722407993
2016-08-14 00:00:00+00:00,1.64593121545466
2016-08-18 00:00:00+00:00,1.66409225424309
2016-08-22 00:00:00+00:00,1.7181212235367
2016-08-26 00:00:00+00:00,1.42636478935122
2016-08-30 00:00:00+00:00,1.81068289469399
2016-09-03 00:00:00+00:00,1.3827033014026802
2016-09-07 00:00:00+00:00,1.6680230302635501
2016-09-11 00:00:00+00:00,1.79970905896857
2016-09-15 00:00:00+00:00,1.72883679695677
2016-09-19 00:00:00+00:00,1.4930863246444899
2016-09-23 00:00:00+00:00,1.52676496354624
2016-09-27 00:00:00+00:00,2.02655828894994
2016-10-01 00:00:00+00:00,1.88266065896533
2016-10-05 00:00:00+00:00,2.00257535061917
2016-10-09 00:00:00+00:00,2.05619768456892
2016-10-13 00:00:00+00:00,1.6449581476551398
2016-10-17 00:00:00+00:00,1.60640444106947
2016-10-21 00:00:00+00:00,2.10760262668314
2016-10-25 00:00:00+00:00,1.752432967869
2016-10-29 00:00:00+00:00,1.87850728210418
2016-11-02 00:00:00+00:00,1.6767883793279
2016-11-06 00:00:00+00:00,1.94921467726041
2016-11-10 00:00:00+00:00,2.1264160115568096
2016-11-14 00:00:00+00:00,2.17704496421293
2016-11-18 00:00:00+00:00,2.07324313718006
2016-11-22 00:00:00+00:00,1.87712554312249
2016-11-26 00:00:00+00:00,2.15729353463331
2016-11-30 00:00:00+00:00,1.98919273972682
2016-12-04 00:00:00+00:00,2.10977013119712
2016-12-08 00:00:00+00:00,2.23806696349964
2016-12-12 00:00:00+00:00,2.22381175991047
2016-12-16 00:00:00+00:00,2.0505716285574898
2016-12-20 00:00:00+00:00,2.12766078752582
2016-12-24 00:00:00+00:00,2.11224295573216
2016-12-28 00:00:00+00:00,2.5899496705277
2017-01-01 00:00:00+00:00,2.46361066220928
2017-01-05 00:00:00+00:00,2.21093264557243
2017-01-09 00:00:00+00:00,2.14776314141322
2017-01-13 00:00:00+00:00,2.52885536111398
2017-01-17 00:00:00+00:00,2.6460870665960803
2017-01-21 00:00:00+00:00,3.03127695603728
2017-01-25 00:00:00+00:00,2.9301464588488697
2017-01-29 00:00:00+00:00,3.26222972418507
2017-02-02 00:00:00+00:00,3.06688662692848
2017-02-06 00:00:00+00:00,2.62327658868094
2017-02-10 00:00:00+00:00,3.10595948099823
2017-02-14 00:00:00+00:00,3.54666994789663
2017-02-18 00:00:00+00:00,3.33051574407375
2017-02-22 00:00:00+00:00,3.0456690028042797
2017-02-26 00:00:00+00:00,3.90020922661268
2017-03-02 00:00:00+00:00,3.4400721830235397
2017-03-06 00:00:00+00:00,3.25250560193699
2017-03-10 00:00:00+00:00,3.57317516832514
2017-03-14 00:00:00+00:00,3.57317516832514
2017-03-18 00:00:00+00:00,3.71264713922469
2017-03-22 00:00:00+00:00,3.80723687525589
2017-03-26 00:00:00+00:00,3.92547404529489
2017-03-30 00:00:00+00:00,4.07327403319987
2017-04-03 00:00:00+00:00,4.37131847465352
2017-04-07 00:00:00+00:00,4.02359995962426
2017-04-11 00:00:00+00:00,4.14778514356328
2017-04-15 00:00:00+00:00,3.90932104724491
2017-04-19 00:00:00+00:00,3.70220470037101
2017-04-23 00:00:00+00:00,3.96110013396339
2017-04-27 00:00:00+00:00,3.81428163369607
2017-05-01 00:00:00+00:00,3.8921241160164
2017-05-05 00:00:00+00:00,3.34722673977411
2017-05-09 00:00:00+00:00,4.02186158655028
2017-05-13 00:00:00+00:00,4.3981360431084
2017-05-17 00:00:00+00:00,4.31462713089748
2017-05-21 00:00:00+00:00,4.09193669833503
2017-05-25 00:00:00+00:00,4.8286205857696896
2017-05-29 00:00:00+00:00,4.47313931565167
2017-06-02 00:00:00+00:00,4.32502211976917
2017-06-06 00:00:00+00:00,5.09494356098801
2017-06-10 00:00:00+00:00,4.75753008012788
2017-06-14 00:00:00+00:00,4.72378873204186
2017-06-18 00:00:00+00:00,5.12990564429561
2017-06-22 00:00:00+00:00,4.91763368660062
2017-06-26 00:00:00+00:00,5.02376966544811
2017-06-30 00:00:00+00:00,5.448313580838089
2017-07-04 00:00:00+00:00,5.38983093070805
2017-07-08 00:00:00+00:00,5.8125627684106504
2017-07-12 00:00:00+00:00,6.23529460611324
2017-07-16 00:00:00+00:00,6.5188857883663
2017-07-20 00:00:00+00:00,6.47889262402049
2017-07-24 00:00:00+00:00,7.118783253553381
2017-07-28 00:00:00+00:00,6.41428001814729
2017-08-01 00:00:00+00:00,6.37151815135964
2017-08-05 00:00:00+00:00,7.56885042141381
2017-08-09 00:00:00+00:00,6.33339473736857
2017-08-13 00:00:00+00:00,6.79233638500398
2017-08-17 00:00:00+00:00,8.215055492673729
2017-08-21 00:00:00+00:00,5.27782894780714
2017-08-25 00:00:00+00:00,4.459277507650399
2017-08-29 00:00:00+00:00,6.57853810534563
2017-09-02 00:00:00+00:00,7.24080704212539
2017-09-06 00:00:00+00:00,7.4307607659943
2017-09-10 00:00:00+00:00,6.329907319180331
2017-09-14 00:00:00+00:00,7.98118748940129
2017-09-18 00:00:00+00:00,6.96599545167762
2017-09-22 00:00:00+00:00,7.6241997463243205
2017-09-26 00:00:00+00:00,7.5693493884371
2017-09-30 00:00:00+00:00,7.5693493884371
2017-10-04 00:00:00+00:00,7.4862512887209105
2017-10-08 00:00:00+00:00,10.1678935413971
2017-10-12 00:00:00+00:00,8.547734680405211
2017-10-16 00:00:00+00:00,10.3517624275025
2017-10-20 00:00:00+00:00,10.6492268650745
2017-10-24 00:00:00+00:00,9.935312214901861
2017-10-28 00:00:00+00:00,6.13878985774571
2017-11-01 00:00:00+00:00,7.872095229344501
2017-11-05 00:00:00+00:00,10.1831690581429
2017-11-09 00:00:00+00:00,11.0498217439423
2017-11-13 00:00:00+00:00,9.495610535788181
2017-11-17 00:00:00+00:00,11.3269068534045
2017-11-21 00:00:00+00:00,11.733861590652499
2017-11-25 00:00:00+00:00,10.445729471507502
2017-11-29 00:00:00+00:00,11.5840461446846
2017-12-03 00:00:00+00:00,11.7849255575982
2017-12-07 00:00:00+00:00,11.9416711962486
2017-12-11 00:00:00+00:00,13.5233495003875
2017-12-15 00:00:00+00:00,13.3651816699736
2017-12-19 00:00:00+00:00,13.035760950516
2017-12-23 00:00:00+00:00,12.942648372298
2017-12-27 00:00:00+00:00,14.5255622020035
2017-12-31 00:00:00+00:00,15.177350249529301
2018-01-04 00:00:00+00:00,16.1275487258182
2018-01-08 00:00:00+00:00,15.9355540981299
2018-01-12 00:00:00+00:00,17.087521864259703
2018-01-16 00:00:00+00:00,17.6087581817911
2018-01-20 00:00:00+00:00,19.7129494110618
2018-01-24 00:00:00+00:00,19.491455597454298
2018-01-28 00:00:00+00:00,20.4451485647756
2018-02-01 00:00:00+00:00,20.703947913696798
2018-02-05 00:00:00+00:00,23.938939775212003
2018-02-09 00:00:00+00:00,19.291612224166
2018-02-13 00:00:00+00:00,23.4357363315795
2018-02-17 00:00:00+00:00,21.2922238622277
2018-02-21 00:00:00+00:00,25.2651388267172
2018-02-25 00:00:00+00:00,25.5641345524772
2018-03-01 00:00:00+00:00,24.6671473751973
2018-03-05 00:00:00+00:00,24.3729597309369
2018-03-09 00:00:00+00:00,23.8822289980992
2018-03-13 00:00:00+00:00,25.845151929449802
2018-03-17 00:00:00+00:00,24.3729597309369
2018-03-21 00:00:00+00:00,26.1628352122593
2018-03-25 00:00:00+00:00,23.236728642467202
2018-03-29 00:00:00+00:00,26.1628352122593
2018-04-02 00:00:00+00:00,27.2275796162083
2018-04-06 00:00:00+00:00,24.0859358143381
2018-04-10 00:00:00+00:00,28.6238657503728
2018-04-14 00:00:00+00:00,26.146926519472498
2018-04-18 00:00:00+00:00,30.536556519092002
2018-04-22 00:00:00+00:00,30.536556519092002
2018-04-26 00:00:00+00:00,26.9103404324498
2018-04-30 00:00:00+00:00,30.9903353016848
2018-05-04 00:00:00+00:00,27.5913953008549
2018-05-08 00:00:00+00:00,27.7913329479625
2018-05-12 00:00:00+00:00,33.9888971882526
2018-05-16 00:00:00+00:00,36.8728036163467
2018-05-20 00:00:00+00:00,29.6630375461113
2018-05-24 00:00:00+00:00,30.6162463183454
2018-05-28 00:00:00+00:00,33.399541438195
2018-06-01 00:00:00+00:00,35.5405376842331
2018-06-05 00:00:00+00:00,42.980660103443505
2018-06-09 00:00:00+00:00,35.1213393988139
2018-06-13 00:00:00+00:00,35.1213393988139
2018-06-17 00:00:00+00:00,38.559792207089295
2018-06-21 00:00:00+00:00,42.9086538315633
2018-06-25 00:00:00+00:00,39.627403832679
2018-06-29 00:00:00+00:00,38.1129807562709
2018-07-03 00:00:00+00:00,30.9290686931155
2018-07-07 00:00:00+00:00,41.594264794189804
2018-07-11 00:00:00+00:00,35.9950368411258
2018-07-15 00:00:00+00:00,35.4617770360721
2018-07-19 00:00:00+00:00,44.021066113511104
2018-07-23 00:00:00+00:00,42.7339004376774
2018-07-27 00:00:00+00:00,42.991333572844106
2018-07-31 00:00:00+00:00,43.4749759754299
2018-08-04 00:00:00+00:00,52.0516719161698
2018-08-08 00:00:00+00:00,46.4324573343105
2018-08-12 00:00:00+00:00,49.2302730794216
2018-08-16 00:00:00+00:00,50.1831170745072
2018-08-20 00:00:00+00:00,47.642199754279005
2018-08-24 00:00:00+00:00,47.2116174407006
2018-08-28 00:00:00+00:00,51.165065369764
2018-09-01 00:00:00+00:00,50.4962409858456
2018-09-05 00:00:00+00:00,44.14240933862
2018-09-09 00:00:00+00:00,56.8749846776413
2018-09-13 00:00:00+00:00,51.6410903821529
2018-09-17 00:00:00+00:00,47.1050486593962
2018-09-21 00:00:00+00:00,51.2005438778585
2018-09-25 00:00:00+00:00,60.0895271899868
2018-09-29 00:00:00+00:00,54.045018537739594
2018-10-03 00:00:00+00:00,51.55610321034371
2018-10-07 00:00:00+00:00,52.6235672251537
2018-10-11 00:00:00+00:00,58.9235717521087
2018-10-15 00:00:00+00:00,60.0353372568655
2018-10-19 00:00:00+00:00,50.7027365834647
2018-10-23 00:00:00+00:00,54.9874748862927
2018-10-27 00:00:00+00:00,48.5603674320507
2018-10-31 00:00:00+00:00,58.2010286134137
2018-11-04 00:00:00+00:00,44.2851996469399
2018-11-08 00:00:00+00:00,43.2137835264494
2018-11-12 00:00:00+00:00,49.9994189562224
2018-11-16 00:00:00+00:00,44.9466746331138
2018-11-20 00:00:00+00:00,43.6573490874779
2018-11-24 00:00:00+00:00,47.2954615114344
2018-11-28 00:00:00+00:00,39.0270241842606
2018-12-02 00:00:00+00:00,37.704074211912804
2018-12-06 00:00:00+00:00,37.892374816173906
2018-12-10 00:00:00+00:00,34.804847979300405
2018-12-14 00:00:00+00:00,40.9799016530473
2018-12-18 00:00:00+00:00,35.7665294260719
2018-12-22 00:00:00+00:00,44.4222905748598
2018-12-26 00:00:00+00:00,39.85314068716
2018-12-30 00:00:00+00:00,44.6761322352876
2019-01-03 00:00:00+00:00,43.2917967608921
2019-01-07 00:00:00+00:00,39.381569956682505
2019-01-11 00:00:00+00:00,41.3366833587873
2019-01-15 00:00:00+00:00,38.6092939848521
2019-01-19 00:00:00+00:00,38.9017886362525
2019-01-23 00:00:00+00:00,42.7042191044576
2019-01-27 00:00:00+00:00,40.071767241854
2019-01-31 00:00:00+00:00,44.802503958942005
2019-02-04 00:00:00+00:00,42.490116657835294
2019-02-08 00:00:00+00:00,47.1148912600487
2019-02-12 00:00:00+00:00,38.568926138295005
2019-02-16 00:00:00+00:00,45.1979603183144
2019-02-20 00:00:00+00:00,39.1715656092058
2019-02-24 00:00:00+00:00,41.2982582978092
2019-02-28 00:00:00+00:00,45.2749656436762
2019-03-04 00:00:00+00:00,41.351135287890905
2019-03-08 00:00:00+00:00,44.067633226511504
2019-03-12 00:00:00+00:00,43.1411315892332
2019-03-16 00:00:00+00:00,49.174856287028
2019-03-20 00:00:00+00:00,48.5714838172485
2019-03-24 00:00:00+00:00,47.4901069905989
2019-03-28 00:00:00+00:00,46.298790821778795
2019-04-01 00:00:00+00:00,43.1276407654926
2019-04-05 00:00:00+00:00,50.1041708893222
2019-04-09 00:00:00+00:00,41.9494591204562
2019-04-13 00:00:00+00:00,42.9028559186484
2019-04-17 00:00:00+00:00,43.8562527168405
2019-04-21 00:00:00+00:00,51.1991330238072
2019-04-25 00:00:00+00:00,45.1609533019234
2019-04-29 00:00:00+00:00,51.4771705469476
2019-05-03 00:00:00+00:00,48.0032510621843
2019-05-07 00:00:00+00:00,42.3121673509307
2019-05-11 00:00:00+00:00,43.3116673670944
2019-05-15 00:00:00+00:00,49.6418341361313
2019-05-19 00:00:00+00:00,54.3261230260958
2019-05-23 00:00:00+00:00,52.659677534497796
2019-05-27 00:00:00+00:00,55.6592794193742
2019-05-31 00:00:00+00:00,43.3862605763838
2019-06-04 00:00:00+00:00,57.106701955240304
2019-06-08 00:00:00+00:00,45.9820197561675
2019-06-12 00:00:00+00:00,48.5777789359511
2019-06-16 00:00:00+00:00,47.882020480559106
2019-06-20 00:00:00+00:00,53.038545763080904
2019-06-24 00:00:00+00:00,65.1932125004535
2019-06-28 00:00:00+00:00,64.2931875738079
2019-07-02 00:00:00+00:00,62.3210039058997
2019-07-06 00:00:00+00:00,70.2097385775326
2019-07-10 00:00:00+00:00,58.1250559333793
2019-07-14 00:00:00+00:00,65.3343651964341
2019-07-18 00:00:00+00:00,54.5204013018519
2019-07-22 00:00:00+00:00,71.1919289726661
2019-07-26 00:00:00+00:00,74.3809113910783
2019-07-30 00:00:00+00:00,63.6270446839344
2019-08-03 00:00:00+00:00,77.5174558473286
2019-08-07 00:00:00+00:00,75.9452742994312
2019-08-11 00:00:00+00:00,75.9452742994312
2019-08-15 00:00:00+00:00,77.9307716667366
2019-08-19 00:00:00+00:00,82.5145047903757
2019-08-23 00:00:00+00:00,77.452265232684
2019-08-27 00:00:00+00:00,68.3402340288388
2019-08-31 00:00:00+00:00,84.0331766576833
2019-09-04 00:00:00+00:00,72.8251247697365
2019-09-08 00:00:00+00:00,94.7797579723776
2019-09-12 00:00:00+00:00,84.6056596589586
2019-09-16 00:00:00+00:00,96.3468030777296
2019-09-20 00:00:00+00:00,89.25378690022809
2019-09-24 00:00:00+00:00,92.8002949889788
2019-09-28 00:00:00+00:00,100.85275601995001
2019-10-02 00:00:00+00:00,93.8755213267456
2019-10-06 00:00:00+00:00,94.5098153897642
2019-10-10 00:00:00+00:00,103.681264292523
2019-10-14 00:00:00+00:00,87.2958254578357
2019-10-18 00:00:00+00:00,103.46171906113901
2019-10-22 00:00:00+00:00,109.281440758328
2019-10-26 00:00:00+00:00,95.28500300930389
2019-10-30 00:00:00+00:00,91.2013600231908
2019-11-03 00:00:00+00:00,93.9237886805996
2019-11-07 00:00:00+00:00,91.73709036908349
2019-11-11 00:00:00+00:00,95.4795486213797
2019-11-15 00:00:00+00:00,99.9057528621059
2019-11-19 00:00:00+00:00,92.95028905525041
2019-11-23 00:00:00+00:00,111.568229030169
2019-11-27 00:00:00+00:00,89.6415250589222
2019-12-01 00:00:00+00:00,89.6415250589222
2019-12-05 00:00:00+00:00,93.38635749802769
2019-12-09 00:00:00+00:00,94.7364712539258
2019-12-13 00:00:00+00:00,97.2969164229509
2019-12-17 00:00:00+00:00,90.255692208132
2019-12-21 00:00:00+00:00,113.287340369223
2019-12-25 00:00:00+00:00,82.39079299579831
2019-12-29 00:00:00+00:00,99.7701008933494
2020-01-02 00:00:00+00:00,96.7177183123778
2020-01-06 00:00:00+00:00,92.60207072461709
2020-01-10 00:00:00+00:00,102.205248429392
2020-01-14 00:00:00+00:00,99.6072712200415
2020-01-18 00:00:00+00:00,96.95891229362
2020-01-22 00:00:00+00:00,114.587805437915
2020-01-26 00:00:00+00:00,105.038821651422
2020-01-30 00:00:00+00:00,119.936535919975
2020-02-03 00:00:00+00:00,113.785944334335
2020-02-07 00:00:00+00:00,106.86652880049
2020-02-11 00:00:00+00:00,114.190850876276
2020-02-15 00:00:00+00:00,109.74227518922
2020-02-19 00:00:00+00:00,108.969442265353
2020-02-23 00:00:00+00:00,109.74227518922
2020-02-27 00:00:00+00:00,113.169220498612
2020-03-02 00:00:00+00:00,114.708937784307
2020-03-06 00:00:00+00:00,119.328089641393
2020-03-10 00:00:00+00:00,108.616241391911
2020-03-14 00:00:00+00:00,105.32484013761
2020-03-18 00:00:00+00:00,82.28503135750809
2020-03-22 00:00:00+00:00,104.50198982403501
2020-03-26 00:00:00+00:00,112.492821358516
2020-03-30 00:00:00+00:00,101.664512290166
2020-04-03 00:00:00+00:00,91.2905824646392
2020-04-07 00:00:00+00:00,116.188014045904
2020-04-11 00:00:00+00:00,116.308064119463
2020-04-15 00:00:00+00:00,123.62303670559301
2020-04-19 00:00:00+00:00,111.187583309172
2020-04-23 00:00:00+00:00,112.649865245436
2020-04-27 00:00:00+00:00,111.856556335257
2020-05-01 00:00:00+00:00,111.856556335257
2020-05-05 00:00:00+00:00,126.294576814336
2020-05-09 00:00:00+00:00,108.878107851694
2020-05-13 00:00:00+00:00,95.268344370232
2020-05-17 00:00:00+00:00,81.6585808887703
2020-05-21 00:00:00+00:00,98.5796237035512
2020-05-25 00:00:00+00:00,94.0645264346863
2020-05-29 00:00:00+00:00,95.56955885764121
2020-06-02 00:00:00+00:00,97.0745912805962
2020-06-06 00:00:00+00:00,133.797229464477
2020-06-10 00:00:00+00:00,111.952783837623
2020-06-14 00:00:00+00:00,116.048617392658
2020-06-18 00:00:00+00:00,97.29832303704279
2020-06-22 00:00:00+00:00,112.206937050783
2020-06-26 00:00:00+00:00,128.684878855444
2020-06-30 00:00:00+00:00,115.344676145677
2020-07-04 00:00:00+00:00,123.188120488637
2020-07-08 00:00:00+00:00,118.480294227925
2020-07-12 00:00:00+00:00,119.264931938044
2020-07-16 00:00:00+00:00,117.26896417909799
2020-07-20 00:00:00+00:00,121.58032315627
2020-07-24 00:00:00+00:00,138.82575906496098
2020-07-28 00:00:00+00:00,121.437040395232
2020-08-01 00:00:00+00:00,114.737065752737
2020-08-05 00:00:00+00:00,108.037091110241
2020-08-09 00:00:00+00:00,130.64950552866398
2020-08-13 00:00:00+00:00,123.844534076575
2020-08-17 00:00:00+00:00,105.309977956271
2020-08-21 00:00:00+00:00,130.5843726657766
2020-08-25 00:00:00+00:00,111.72000869546376
2020-08-29 00:00:00+00:00,127.43063491826337
2020-09-02 00:00:00+00:00,125.68500978239675
2020-09-06 00:00:00+00:00,130.9218851899966
2020-09-10 00:00:00+00:00,136.23932801257573
2020-09-14 00:00:00+00:00,151.76026411527425
2020-09-18 00:00:00+00:00,142.2752476080696
2020-09-22 00:00:00+00:00,123.85764431701956
2020-09-26 00:00:00+00:00,144.02051664769718
2020-09-30 00:00:00+00:00,149.7813373136051
2020-10-04 00:00:00+00:00,151.592064050859
2020-10-08 00:00:00+00:00,155.40872501316798
2020-10-12 00:00:00+00:00,142.9376544874199
2020-10-16 00:00:00+00:00,148.6935331916113
2020-10-20 00:00:00+00:00,143.14650683878202
2020-10-24 00:00:00+00:00,151.09909055204767
2020-10-28 00:00:00+00:00,99.40729641582084
2020-11-01 00:00:00+00:00,124.25912051977606
2020-11-05 00:00:00+00:00,122.67518248120747
2020-11-09 00:00:00+00:00,154.38713441512508
2020-11-13 00:00:00+00:00,115.99898207406693
2020-11-17 00:00:00+00:00,137.3344508705656
2020-11-21 00:00:00+00:00,147.8313515740483
2020-11-25 00:00:00+00:00,135.58496741998513
2020-11-29 00:00:00+00:00,135.39980126976258
2020-12-03 00:00:00+00:00,149.5122502921932
2020-12-07 00:00:00+00:00,142.84609900528008
2020-12-11 00:00:00+00:00,131.4184110848577
2020-12-15 00:00:00+00:00,129.93387582961765
2020-12-19 00:00:00+00:00,146.6396598648542
2020-12-23 00:00:00+00:00,142.9272634125794
2020-12-27 00:00:00+00:00,137.35866873416725
2020-12-31 00:00:00+00:00,153.48207038176648
2021-01-04 00:00:00+00:00,159.95420587979274
2021-01-08 00:00:00+00:00,136.83943624398455
2021-01-12 00:00:00+00:00,151.6112474016758
2021-01-16 00:00:00+00:00,150.58684708139415
2021-01-20 00:00:00+00:00,144.4404451597046
2021-01-24 00:00:00+00:00,143.8849253877152
2021-01-28 00:00:00+00:00,150.0957854763936
2021-02-01 00:00:00+00:00,124.2172017735671
2021-02-05 00:00:00+00:00,174.93922583110697
2021-02-09 00:00:00+00:00,152.36787316992718
2021-02-13 00:00:00+00:00,167.2850076061438
2021-02-17 00:00:00+00:00,147.04032515699265
2021-02-21 00:00:00+00:00,152.26767707260143
2021-02-25 00:00:00+00:00,168.46636612287824
2021-03-01 00:00:00+00:00,140.38863843573185
2021-03-05 00:00:00+00:00,160.90697789941572
2021-03-09 00:00:00+00:00,149.26795388308736
2021-03-13 00:00:00+00:00,152.46655289486787
2021-03-17 00:00:00+00:00,145.00315520071348
2021-03-21 00:00:00+00:00,169.5630746159891
2021-03-25 00:00:00+00:00,167.3891890439892
2021-03-29 00:00:00+00:00,164.12836068598943
2021-04-02 00:00:00+00:00,160.51776638346806
2021-04-06 00:00:00+00:00,165.624244467784
2021-04-10 00:00:00+00:00,180.5764332044589
2021-04-14 00:00:00+00:00,155.2727291885475
2021-04-18 00:00:00+00:00,145.36106533971704
2021-04-22 00:00:00+00:00,167.6341318030608
2021-04-26 00:00:00+00:00,133.63839878006243
2021-04-30 00:00:00+00:00,169.9786651149917
2021-05-04 00:00:00+00:00,185.42930138676022
2021-05-08 00:00:00+00:00,175.18458860296133
2021-05-12 00:00:00+00:00,176.20905988134115
2021-05-16 00:00:00+00:00,164.34892998192217
2021-05-20 00:00:00+00:00,139.44757695435823
2021-05-24 00:00:00+00:00,156.87852407365298
2021-05-28 00:00:00+00:00,148.16305051400562
2021-06-01 00:00:00+00:00,148.57294738247103
2021-06-05 00:00:00+00:00,137.0637754021388
2021-06-09 00:00:00+00:00,131.83233359289684
2021-06-13 00:00:00+00:00,136.72446512868513
2021-06-17 00:00:00+00:00,128.81237413671977
2021-06-21 00:00:00+00:00,104.04076372581213
2021-06-25 00:00:00+00:00,108.99508580799363
2021-06-29 00:00:00+00:00,89.17779747926754
2021-07-03 00:00:00+00:00,98.70607621227616
2021-07-07 00:00:00+00:00,87.82075510899656
2021-07-11 00:00:00+00:00,89.24873486686643
2021-07-15 00:00:00+00:00,91.39070450367122
2021-07-19 00:00:00+00:00,115.54361913247934
2021-07-23 00:00:00+00:00,91.75522695814537
2021-07-27 00:00:00+00:00,115.54361913247934
2021-07-31 00:00:00+00:00,112.46586212588961
2021-08-04 00:00:00+00:00,98.00460329610928
2021-08-08 00:00:00+00:00,113.85828912342106
2021-08-12 00:00:00+00:00,108.81393454200371
2021-08-16 00:00:00+00:00,124.50091570761941
2021-08-20 00:00:00+00:00,123.7276180945286
2021-08-24 00:00:00+00:00,119.08783241598378
2021-08-28 00:00:00+00:00,123.46637391035247
2021-09-01 00:00:00+00:00,119.9637817426829
2021-09-05 00:00:00+00:00,143.6062788744525
2021-09-09 00:00:00+00:00,125.41287036132078
2021-09-13 00:00:00+00:00,145.5521634120438
2021-09-17 00:00:00+00:00,134.56709447528578
2021-09-21 00:00:00+00:00,113.92890744351818
2021-09-25 00:00:00+00:00,135.99041248483059
2021-09-29 00:00:00+00:00,122.76912238213872
2021-10-03 00:00:00+00:00,141.6566796716985
2021-10-07 00:00:00+00:00,139.4332972697835
2021-10-11 00:00:00+00:00,144.37774043537866
2021-10-15 00:00:00+00:00,139.4332972697835
2021-10-19 00:00:00+00:00,154.73719872913387
2021-10-23 00:00:00+00:00,144.75415364983496
2021-10-27 00:00:00+00:00,156.7338077449937
2021-10-31 00:00:00+00:00,140.17529914944654
2021-11-04 00:00:00+00:00,153.9669376477702
2021-11-08 00:00:00+00:00,145.35340267446836
2021-11-12 00:00:00+00:00,152.89024577610743
2021-11-16 00:00:00+00:00,169.07070334607084
2021-11-20 00:00:00+00:00,163.43501323453515
2021-11-24 00:00:00+00:00,176.96066950222084
2021-11-28 00:00:00+00:00,155.22511661911201
2021-12-02 00:00:00+00:00,172.09830491522342
2021-12-06 00:00:00+00:00,190.97360287366726
2021-12-10 00:00:00+00:00,173.20861655983782
2021-12-14 00:00:00+00:00,178.00762745674322
2021-12-18 00:00:00+00:00,153.95254266529142
2021-12-22 00:00:00+00:00,178.00762745674322
2021-12-26 00:00:00+00:00,161.68227852670813
2021-12-30 00:00:00+00:00,143.58351600506174
2022-01-03 00:00:00+00:00,168.9217835353667
2022-01-07 00:00:00+00:00,168.9217835353667
2022-01-11 00:00:00+00:00,191.4221284364691
2022-01-15 00:00:00+00:00,201.11438810413847
2022-01-19 00:00:00+00:00,209.5951153133491
2022-01-23 00:00:00+00:00,186.7460291281284
2022-01-27 00:00:00+00:00,173.50162989918314
2022-01-31 00:00:00+00:00,189.3949089739175
2022-02-04 00:00:00+00:00,172.44546454596008
2022-02-08 00:00:00+00:00,204.32615412338365
2022-02-12 00:00:00+00:00,248.11033000696588
2022-02-16 00:00:00+00:00,206.97974054057045
2022-02-20 00:00:00+00:00,200.19667581507935
2022-02-24 00:00:00+00:00,183.51361949715607
2022-02-28 00:00:00+00:00,214.0992227466821
2022-03-04 00:00:00+00:00,190.36528664550212
2022-03-08 00:00:00+00:00,202.6910965721893
2022-03-12 00:00:00+00:00,213.64737206257792
2022-03-16 00:00:00+00:00,212.2778376262793
2022-03-20 00:00:00+00:00,210.16095125482892
2022-03-24 00:00:00+00:00,195.14945473662692
2022-03-28 00:00:00+00:00,216.9843587631026
2022-04-01 00:00:00+00:00,200.37160628467657
2022-04-05 00:00:00+00:00,206.0559071721852
2022-04-09 00:00:00+00:00,217.42450894720227
2022-04-13 00:00:00+00:00,198.95053106279946
2022-04-17 00:00:00+00:00,231.5145523256366
2022-04-21 00:00:00+00:00,237.1270263214096
2022-04-25 00:00:00+00:00,227.30519682880686
2022-04-29 00:00:00+00:00,222.16320520796742
2022-05-03 00:00:00+00:00,222.16320520796742
2022-05-07 00:00:00+00:00,211.79558896492898
2022-05-11 00:00:00+00:00,225.2575978912952
2022-05-15 00:00:00+00:00,189.5270823637104
2022-05-19 00:00:00+00:00,189.5270823637104
2022-05-23 00:00:00+00:00,248.5601080179809
2022-05-27 00:00:00+00:00,205.09674496660264
2022-05-31 00:00:00+00:00,216.98641134147817
2022-06-04 00:00:00+00:00,206.5829532634621
2022-06-08 00:00:00+00:00,266.4057687361438
2022-06-12 00:00:00+00:00,191.18461731646616
2022-06-16 00:00:00+00:00,179.14149181621633
2022-06-20 00:00:00+00:00,198.7115707541223
2022-06-24 00:00:00+00:00,189.62239621199956
2022-06-28 00:00:00+00:00,214.61139416241815
2022-07-02 00:00:00+00:00,202.8518657151624
2022-07-06 00:00:00+00:00,186.6825141001857
2022-07-10 00:00:00+00:00,221.72660385028462
2022-07-14 00:00:00+00:00,179.6999926629758
2022-07-18 00:00:00+00:00,189.84434708749862
2022-07-22 00:00:00+00:00,181.71186263872812
2022-07-26 00:00:00+00:00,220.25680319845836
2022-07-30 00:00:00+00:00,177.58204757875703
2022-08-03 00:00:00+00:00,199.60772789860286
2022-08-07 00:00:00+00:00,222.6906883419183
2022-08-11 00:00:00+00:00,196.0798513702425
2022-08-15 00:00:00+00:00,203.08270320489405
2022-08-19 00:00:00+00:00,250.86715078611155
2022-08-23 00:00:00+00:00,242.4109546921977
2022-08-27 00:00:00+00:00,204.3580722695853
2022-08-31 00:00:00+00:00,219.86268889188153
2022-09-04 00:00:00+00:00,258.69943601770126
2022-09-08 00:00:00+00:00,195.56445460861946
2022-09-12 00:00:00+00:00,235.60127208754935
2022-09-16 00:00:00+00:00,203.9018834393143
2022-09-20 00:00:00+00:00,242.13348658418576
2022-09-24 00:00:00+00:00,232.57558579796788
2022-09-28 00:00:00+00:00,234.28374387934903
2022-10-02 00:00:00+00:00,244.75378495094424
2022-10-06 00:00:00+00:00,247.87166756178425
2022-10-10 00:00:00+00:00,281.76254148688236
2022-10-14 00:00:00+00:00,276.1546600232431
2022-10-18 00:00:00+00:00,251.3715495083366
2022-10-22 00:00:00+00:00,240.75021643051957
2022-10-26 00:00:00+00:00,283.8223152658024
2022-10-30 00:00:00+00:00,247.20008103795698
2022-11-03 00:00:00+00:00,300.30232066833287
2022-11-07 00:00:00+00:00,263.18694548747675
2022-11-11 00:00:00+00:00,244.87948126950218
2022-11-15 00:00:00+00:00,283.25611639382714
2022-11-19 00:00:00+00:00,268.63644587027477
2022-11-23 00:00:00+00:00,258.9914822471786
2022-11-27 00:00:00+00:00,249.80738713203047
2022-12-01 00:00:00+00:00,281.0333105235342
2022-12-05 00:00:00+00:00,268.17557736232675
2022-12-09 00:00:00+00:00,258.7488335821692
2022-12-13 00:00:00+00:00,280.87866803327574
2022-12-17 00:00:00+00:00,234.91670417328518
2022-12-21 00:00:00+00:00,251.3878869089743
2022-12-25 00:00:00+00:00,247.87197240675087
2022-12-29 00:00:00+00:00,247.87197240675087
2023-01-02 00:00:00+00:00,274.2413311734265
2023-01-06 00:00:00+00:00,305.06410323047345
2023-01-10 00:00:00+00:00,286.4212969219445
2023-01-14 00:00:00+00:00,289.8108980689498
2023-01-18 00:00:00+00:00,261.6084221400793
2023-01-22 00:00:00+00:00,282.1633695939428
2023-01-26 00:00:00+00:00,289.6378959408021
2023-01-30 00:00:00+00:00,269.9481425149194
2023-02-03 00:00:00+00:00,260.1674127136542
2023-02-07 00:00:00+00:00,277.7727263559315
2023-02-11 00:00:00+00:00,291.4657480777028
2023-02-15 00:00:00+00:00,317.2754583617154
2023-02-19 00:00:00+00:00,315.32898315704233
2023-02-23 00:00:00+00:00,332.84725999910023
2023-02-27 00:00:00+00:00,299.6305484861114
2023-03-03 00:00:00+00:00,359.5566581833338
2023-03-07 00:00:00+00:00,353.13600357291716
2023-03-11 00:00:00+00:00,357.21969592192767
2023-03-15 00:00:00+00:00,318.25027454862646
2023-03-19 00:00:00+00:00,320.4152424026988
2023-03-23 00:00:00+00:00,398.1526797495555
2023-03-27 00:00:00+00:00,344.6325126727259
2023-03-31 00:00:00+00:00,328.33232626252936
2023-04-04 00:00:00+00:00,377.23288549311894
2023-04-08 00:00:00+00:00,349.9355105526316
2023-04-12 00:00:00+00:00,380.88218835660587
2023-04-16 00:00:00+00:00,295.18369597636956
2023-04-20 00:00:00+00:00,319.3138674340018
2023-04-24 00:00:00+00:00,341.4324636274834
2023-04-28 00:00:00+00:00,355.96150463290826
2023-05-02 00:00:00+00:00,312.37438161663374
2023-05-06 00:00:00+00:00,355.5688401119249
2023-05-10 00:00:00+00:00,405.6825692552164
2023-05-14 00:00:00+00:00,415.22804147298615
2023-05-18 00:00:00+00:00,344.768089144806
2023-05-22 00:00:00+00:00,354.69059113094033
2023-05-26 00:00:00+00:00,376.85875307662405
2023-05-30 00:00:00+00:00,379.3218821817001
2023-06-03 00:00:00+00:00,331.0934638956832
2023-06-07 00:00:00+00:00,343.82782789167106
2023-06-11 00:00:00+00:00,415.1402662692028
2023-06-15 00:00:00+00:00,385.14846016315533
2023-06-19 00:00:00+00:00,369.5343333997841
2023-06-23 00:00:00+00:00,325.2943075702325
2023-06-27 00:00:00+00:00,364.3296244786603
2023-07-01 00:00:00+00:00,334.8456647949681
2023-07-05 00:00:00+00:00,390.2336694978951
2023-07-09 00:00:00+00:00,425.48058158157596
2023-07-13 00:00:00+00:00,321.5926735118464
2023-07-17 00:00:00+00:00,364.47169664675926
2023-07-21 00:00:00+00:00,300.15316194439
2023-07-25 00:00:00+00:00,369.8315745386234
2023-07-29 00:00:00+00:00,343.3655942557107
2023-08-02 00:00:00+00:00,400.59319329832914
2023-08-06 00:00:00+00:00,426.6057383177011
2023-08-10 00:00:00+00:00,330.7562134390739
2023-08-14 00:00:00+00:00,445.34891730772944
2023-08-18 00:00:00+00:00,362.0087690396163
2023-08-22 00:00:00+00:00,380.93688722817194
2023-08-26 00:00:00+00:00,378.7991069943814
2023-08-30 00:00:00+00:00,348.3845801554164
2023-09-03 00:00:00+00:00,436.8632036869507
2023-09-07 00:00:00+00:00,393.00545393977364
2023-09-11 00:00:00+00:00,427.9990902494795
2023-09-15 00:00:00+00:00,506.0618174019002
2023-09-19 00:00:00+00:00,385.6775567313763
2023-09-23 00:00:00+00:00,442.95329578705145
2023-09-27 00:00:00+00:00,445.79273999081454
2023-10-01 00:00:00+00:00,400.3616327306042
2023-10-05 00:00:00+00:00,401.77493578113626
2023-10-09 00:00:00+00:00,444.51695022593805
2023-10-13 00:00:00+00:00,393.22653289217595
2023-10-17 00:00:00+00:00,491.483968444345
2023-10-21 00:00:00+00:00,455.0777485595787
2023-10-25 00:00:00+00:00,436.8746386171956
2023-10-29 00:00:00+00:00,415.6376770177486
2023-11-02 00:00:00+00:00,447.1309466720681
2023-11-06 00:00:00+00:00,394.34465435661565
2023-11-10 00:00:00+00:00,478.18170685762834
2023-11-14 00:00:00+00:00,443.69622537862045
2023-11-18 00:00:00+00:00,479.06331580735093
2023-11-22 00:00:00+00:00,456.5569855345224
2023-11-26 00:00:00+00:00,492.891191481606
2023-11-30 00:00:00+00:00,452.6788106117344
2023-12-04 00:00:00+00:00,523.6210122747674
2023-12-08 00:00:00+00:00,456.0570106909266
2023-12-12 00:00:00+00:00,481.7944482864064
2023-12-16 00:00:00+00:00,508.56080652454
2023-12-20 00:00:00+00:00,485.1402430661731
2023-12-24 00:00:00+00:00,612.0850875512695
2023-12-28 00:00:00+00:00,433.1128397292609
2024-01-01 00:00:00+00:00,554.8139682482265
2024-01-05 00:00:00+00:00,493.96340398874366
2024-01-09 00:00:00+00:00,553.0784681633367
2024-01-13 00:00:00+00:00,578.5491870919114
2024-01-17 00:00:00+00:00,440.2795700510773
2024-01-21 00:00:00+00:00,489.55134776354197
2024-01-25 00:00:00+00:00,632.9199567514364
2024-01-29 00:00:00+00:00,545.5000732222326
2024-02-02 00:00:00+00:00,676.1174740216229
2024-02-06 00:00:00+00:00,638.049611833403
2024-02-10 00:00:00+00:00,570.4914176392781
2024-02-14 00:00:00+00:00,521.6993884990767
2024-02-18 00:00:00+00:00,491.5729894556458
2024-02-22 00:00:00+00:00,548.4492031116708
2024-02-26 00:00:00+00:00,540.3240297322386
2024-03-01 00:00:00+00:00,608.0540043789
2024-03-05 00:00:00+00:00,658.7433479554588
2024-03-09 00:00:00+00:00,642.9650641720946
2024-03-13 00:00:00+00:00,631.1313513345715
2024-03-17 00:00:00+00:00,609.2687162671757
2024-03-21 00:00:00+00:00,500.76880789082935
2024-03-25 00:00:00+00:00,550.8456886799122
2024-03-29 00:00:00+00:00,595.0462249834774
2024-04-02 00:00:00+00:00,611.5752867885739
2024-04-06 00:00:00+00:00,640.5011449474929
2024-04-10 00:00:00+00:00,626.4040797295651
2024-04-14 00:00:00+00:00,674.2205734624075
2024-04-18 00:00:00+00:00,622.6877907773827
2024-04-22 00:00:00+00:00,652.7485806769805
2024-04-26 00:00:00+00:00,578.1181686740618
2024-04-30 00:00:00+00:00,617.5353165382024
2024-05-04 00:00:00+00:00,617.5353165382024
2024-05-08 00:00:00+00:00,556.2197531939835
2024-05-12 00:00:00+00:00,545.5991845546882
2024-05-16 00:00:00+00:00,586.9324561118614
2024-05-20 00:00:00+00:00,644.7990362919043
2024-05-24 00:00:00+00:00,671.1400347624127
2024-05-28 00:00:00+00:00,562.0797791135205
2024-06-01 00:00:00+00:00,591.442155634376
2024-06-05 00:00:00+00:00,515.9389017236049
2024-06-09 00:00:00+00:00,636.721355302943
2024-06-13 00:00:00+00:00,603.4287354178217
2024-06-17 00:00:00+00:00,582.6208479896209
2024-06-21 00:00:00+00:00,582.332779002438
2024-06-25 00:00:00+00:00,515.7804614021594
2024-06-29 00:00:00+00:00,653.0446164527341
2024-07-03 00:00:00+00:00,603.1303782525251
2024-07-07 00:00:00+00:00,557.19359072128
2024-07-11 00:00:00+00:00,553.241863127512
2024-07-15 00:00:00+00:00,604.6143218464954
2024-07-19 00:00:00+00:00,599.5563615235602
2024-07-23 00:00:00+00:00,689.285885016882
2024-07-27 00:00:00+00:00,628.1066644532535
2024-07-31 00:00:00+00:00,613.2159740238556
2024-08-04 00:00:00+00:00,644.5090488165007
2024-08-08 00:00:00+00:00,581.4102608204794
2024-08-12 00:00:00+00:00,617.4667111039201
2024-08-16 00:00:00+00:00,613.2134263989986
2024-08-20 00:00:00+00:00,647.760661689083
2024-08-24 00:00:00+00:00,660.7158749228647
2024-08-28 00:00:00+00:00,703.7940173679069
2024-09-01 00:00:00+00:00,631.567802399059
2024-09-05 00:00:00+00:00,689.387389942635
2024-09-09 00:00:00+00:00,644.9107841398843
2024-09-13 00:00:00+00:00,566.6276723067043
2024-09-17 00:00:00+00:00,691.0093564715909
2024-09-21 00:00:00+00:00,621.9084208244318
2024-09-25 00:00:00+00:00,657.0053112676694
2024-09-29 00:00:00+00:00,681.1640351378452
2024-10-03 00:00:00+00:00,694.3478551727712
2024-10-07 00:00:00+00:00,681.1640351378452
2024-10-11 00:00:00+00:00,640.6134230024584
2024-10-15 00:00:00+00:00,713.8263856313109
2024-10-19 00:00:00+00:00,791.6151584244666
2024-10-23 00:00:00+00:00,718.1432982753785
2024-10-27 00:00:00+00:00,765.7024571015625
2024-10-31 00:00:00+00:00,751.4347094537071
2024-11-04 00:00:00+00:00,720.5191072542774
2024-11-08 00:00:00+00:00,717.5106647072663
2024-11-12 00:00:00+00:00,737.7222327271894
2024-11-16 00:00:00+00:00,793.3040447819777
2024-11-20 00:00:00+00:00,747.470602297355
2024-11-24 00:00:00+00:00,681.3677599173166
2024-11-28 00:00:00+00:00,722.0464321511863
2024-12-02 00:00:00+00:00,649.5827562207784
2024-12-06 00:00:00+00:00,702.5587363396405
2024-12-10 00:00:00+00:00,795.5444514434165
2024-12-14 00:00:00+00:00,821.3738167500208
2024-12-18 00:00:00+00:00,776.8353707386113
2024-12-22 00:00:00+00:00,836.1769615589218
2024-12-26 00:00:00+00:00,706.7043997691535
2024-12-30 00:00:00+00:00,867.7101559849901
2025-01-03 00:00:00+00:00,774.936114150117
2025-01-07 00:00:00+00:00,731.2777415219413
2025-01-11 00:00:00+00:00,753.1069278360293
2025-01-15 00:00:00+00:00,763.1925794414012
2025-01-19 00:00:00+00:00,823.5891145051094
2025-01-23 00:00:00+00:00,746.7207971512992
2025-01-27 00:00:00+00:00,841.6022686110248
2025-01-31 00:00:00+00:00,671.7437831087937
2025-02-04 00:00:00+00:00,703.9874846980155
2025-02-08 00:00:00+00:00,859.8320423792553
2025-02-12 00:00:00+00:00,754.8130127554775
2025-02-16 00:00:00+00:00,856.9681573389257
2025-02-20 00:00:00+00:00,737.787155324903
2025-02-24 00:00:00+00:00,714.5302298374169
2025-02-28 00:00:00+00:00,857.4362758049003
2025-03-04 00:00:00+00:00,802.4724119712528
2025-03-08 00:00:00+00:00,753.0049345209701
2025-03-12 00:00:00+00:00,852.9722600961236
2025-03-16 00:00:00+00:00,808.3724033590714
2025-03-20 00:00:00+00:00,791.6474570826767
2025-03-24 00:00:00+00:00,870.8571310489083
2025-03-28 00:00:00+00:00,870.8571310489083
2025-04-01 00:00:00+00:00,763.4137187766403
2025-04-05 00:00:00+00:00,948.981343907835
2025-04-09 00:00:00+00:00,791.2642557881161
2025-04-13 00:00:00+00:00,1038.91184729432
2025-04-17 00:00:00+00:00,924.1483292792498
2025-04-21 00:00:00+00:00,771.8778464016809
2025-04-25 00:00:00+00:00,882.1461101733494
2025-04-29 00:00:00+00:00,894.3981394813127
2025-05-03 00:00:00+00:00,999.9579944593519
2025-05-07 00:00:00+00:00,894.116485453914
2025-05-11 00:00:00+00:00,882.2738829975705
2025-05-15 00:00:00+00:00,864.5099793130557
2025-05-19 00:00:00+00:00,852.72208909428
2025-05-23 00:00:00+00:00,937.3895305646339
2025-05-27 00:00:00+00:00,852.72208909428
2025-05-31 00:00:00+00:00,1016.2841048877773
2025-06-04 00:00:00+00:00,795.35277773826
2025-06-08 00:00:00+00:00,965.7855158250304
2025-06-12 00:00:00+00:00,934.2238976608136
2025-06-16 00:00:00+00:00,917.4562094405265
2025-06-20 00:00:00+00:00,948.8759426405446
2025-06-24 00:00:00+00:00,735.221756880422
2025-06-28 00:00:00+00:00,911.1722628005231
2025-07-02 00:00:00+00:00,889.5479927013449
2025-07-06 00:00:00+00:00,930.2462668772235
2025-07-10 00:00:00+00:00,994.2006977250328
2025-07-14 00:00:00+00:00,910.1618312288911
2025-07-18 00:00:00+00:00,903.8848530824848
2025-07-22 00:00:00+00:00,941.546721960922
2025-07-26 00:00:00+00:00,970.0329691338754
2025-07-30 00:00:00+00:00,869.1319633112652
2025-08-03 00:00:00+00:00,983.3244840382924
2025-08-07 00:00:00+00:00,1021.3886576139685
2025-08-11 00:00:00+00:00,945.8362876602162
2025-08-15 00:00:00+00:00,862.1909016766596
2025-08-19 00:00:00+00:00,862.1909016766596
2025-08-23 00:00:00+00:00,980.0017696141683
2025-08-27 00:00:00+00:00,967.1070094876657
2025-08-31 00:00:00+00:00,851.0541683491463
2025-09-04 00:00:00+00:00,902.6332088551546
2025-09-08 00:00:00+00:00,1082.0126015468138
2025-09-12 00:00:00+00:00,811.5094511601102
2025-09-16 00:00:00+00:00,1082.0126015468138
2025-09-20 00:00:00+00:00,1082.6110432192645
2025-09-24 00:00:00+00:00,1082.6110432192645
2025-09-28 00:00:00+00:00,1167.5217132756777
2025-10-02 00:00:00+00:00,1019.764936475331
2025-10-06 00:00:00+00:00,922.2874057828363
2025-10-10 00:00:00+00:00,989.7718501084098
2025-10-14 00:00:00+00:00,1267.2078990024336
2025-10-18 00:00:00+00:00,1203.3935994625035
2025-10-22 00:00:00+00:00,1115.8740649561391
2025-10-26 00:00:00+00:00,1072.1142977029574
2025-10-30 00:00:00+00:00,1240.5538376668226
2025-11-03 00:00:00+00:00,1100.991530929305
2025-11-07 00:00:00+00:00,1100.991530929305
2025-11-11 00:00:00+00:00,1186.279607268899
2025-11-18 00:00:00+00:00,1006.7371986837991
2025-11-22 00:00:00+00:00,1082.431724900626
2025-11-26 00:00:00+00:00,1241.3902299559625
2025-11-30 00:00:00+00:00,1239.441135115687
2025-12-04 00:00:00+00:00,979.6780229656931
2025-12-08 00:00:00+00:00,1098.4268742342617
2025-12-12 00:00:00+00:00,1068.190154384884
2025-12-16 00:00:00+00:00,1082.9238116867439
2025-12-20 00:00:00+00:00,1082.9238116867439
2025-12-24 00:00:00+00:00,1171.3257554979066
2025-12-28 00:00:00+00:00,1142.344841882498
2026-01-01 00:00:00+00:00,1112.8649749952078
2026-01-05 00:00:00+00:00,972.8356072805791
2026-01-09 00:00:00+00:00,1033.929118998367
2026-01-13 00:00:00+00:00,982.960782146335
2026-01-17 00:00:00+00:00,1084.897455850399
2026-01-21 00:00:00+00:00,997.5231641040581
2026-01-25 00:00:00+00:00,760.5748603057833
2026-01-29 00:00:00+00:00,901.4220566587061
2026-02-02 00:00:00+00:00,830.9984584822448
2026-02-06 00:00:00+00:00,1021.1421735586905
2026-02-10 00:00:00+00:00,900.9738304794525
2026-02-14 00:00:00+00:00,1038.6226101360355
2026-02-18 00:00:00+00:00,957.2846948844184
2026-02-22 00:00:00+00:00,1177.2056896625802
2026-02-26 00:00:00+00:00,1004.9316862973246
2026-03-02 00:00:00+00:00,976.2193524031156
2026-03-06 00:00:00+00:00,1052.6724320364788
2026-03-10 00:00:00+00:00,994.9917508290006
2026-03-14 00:00:00+00:00,922.8908993196526
